summary_start,summary_end,clusters_datetimes,period
,,2024-02-23 22:30:00,
00:00:00,00:00:05,2024-02-23 22:44:00,2024-02-23 22:30:00.000000
00:00:02,00:00:10,2024-02-23 23:56:30,2024-02-23 23:30:06.000000
00:00:07,00:00:15,2024-02-24 00:42:42,2024-02-24 00:30:02.000000
00:00:12,00:00:20,2024-02-24 01:09:22,2024-02-24 01:00:02.000000
00:00:17,00:00:25,2024-02-24 01:32:30,2024-02-24 01:30:06.000000
00:00:22,00:00:30,2024-02-24 02:55:46,2024-02-24 02:30:02.000000
00:00:27,00:00:35,2024-02-24 03:04:10,2024-02-24 03:00:02.000000
00:00:32,00:00:40,2024-02-24 06:47:30,2024-02-24 06:30:02.000000
00:00:37,00:00:45,2024-02-24 07:22:54,2024-02-24 07:00:02.000000
00:00:42,00:00:50,2024-02-24 08:11:58,2024-02-24 08:00:06.000000
00:00:47,00:00:55,2024-02-24 08:51:15,2024-02-24 08:30:03.000000
00:00:52,00:01:00,2024-02-24 09:29:18,2024-02-24 09:00:03.000000
,,2024-02-24 10:00:00,
